
INSERT INTO location(locationId, locationLatitude, locationLongitude) VALUES
(1,   -8.8002638, 115.455702),  
(2,   -8.79093,	  115.16006 ),
(3,   -8.1481,    115.03913 ),
(4,   -8.5098,    115.2654 ),
(5,   -8.64009,   115.14011 ),
(6,   -8.45,      115.61667 ),
(7,   -9.59806,   123.77028 ),
(8,   -8.7548,    115.2184),
(9,   -7.87,      112.52833 ),
(10,  -8.64009,   115.14011),
(11,  -8.83143,   115.08702 ),
(12,  -8.65,      115.21667 ),
(13,  -8.45,      115.61667 ), 
(14,  -8.72332,   115.17234 ), 
(15,  -8.5098,    115.2654 ),
(16,  -8.7548,    115.2184),
(17,  -8.5139843, 115.2568599 ),
(18,  -8.4959954, 115.26632 ),
(19,  -8.82647,   115.16959 ),
(20,  -8.1337942, 115.059422),
(21,  -8.82647,   115.16959),
(22,  -8.8274318, 115.1568933),
(23,  -8.6789418, 115.4573313 ),
(24,  -8.79093,   115.16006),
(25,  -8.1845,    114.7884),
(26,  -8.5098,    115.2654 ),
(27,  -8.7548,    115.2184),
(28,  -8.504,     115.552 ),
(29,  -8.79093,   115.16006 ),
(30,  -8.5678,    115.2973 ),
(31,  -8.0774675 ,115.07745 ),
(32,  -8.8002638, 115.2191524 ),
(33,  -8.77518 ,  115.223 ),
(34,  -8.5977,    115.2857 ),
(35,  -8.6963783, 115.1762706 ),
(36,  -8.83143,   115.08702 ),
(37,  -8.4095,    115.617 ),
(38,  -8.69206,   115.16041),
(39,  -8.70415,   115.17028  ),
(40,  -8.8002638, 115.2191524 ),
(41,  -8.83143,   115.08702 ),
(42,  -8.1845,    114.7884  ),
(43,  -9.59806,   123.77028 ),
(44,  -9.59806,   123.77028  ),
(45 ,  -8.6838059, 115.1628006 ),
(46,  -8.4985,    115.61667  ),
(47,  -8.6908357, 115.1641975  ),
(48,  -9.59806,   123.77028  ),
(49,  -9.59806,   123.78),
(50,  -8.5317,    115.5072 ),
(51,  -8.83143,   115.08702 ),
(52,  -8.5803918, 115.3438963 ),
(53,  -8.60006,   115.251  ),
(54,  -8.4003,    115.712 ),
(55 , -8.64437,   115.257 ),
(56,  -8.50684,   115.263  ),
(57,  -8.7173186, 115.1744894 ),
(58,  -8.7173186, 115.1894 ),
(59,  -8.82925,   115.084 ),
(60,  -8.51376,   115.261 ),
(61,  -4.02974,   103.851  ),
(62,  -8.5235369, 115.2867536 ),
(63,  -8.427608,  115.2792402 ),
(64,  -8.43342,   115.279 ),
(65,  -8.41445,   115.316  ),
(66,  -8.6717313, 115.2339065  ),
(67,  -8.4116,    115.587  ),
(68,  -8.4003,    115.712 ),
(69,  -8.5,       115.43255 ),
(70,  -8.50671,   115.263  ),
(71,  -8.46447,   115.63  ),
(72,  -8.7173186, 115.1744894 ),
(73,  -8.4355,    120.220  ),
(74,  -8.65,	  115.21667 ),
(75,  -8.57997,	  116.092 ),
(76,  -8.512,	  115.530 ),
(77,  -8.4560181, 115.2703855 ),
(78,  -8.5193655, 115.2930536 ),
(79,  -8.2092,    115.124  ),
(80,  -3.79,      115.0348  ),
(81,  -8.73052,   115.168 ),
(82,  -8.7369149, 115.1749031  ),
(83,  -8.5261,	  115.2074 ),
(84,  -8.65,	  115.21667 ),
(85,  -8.5261,    115.2074  ),
(86,  -3.3179,    115.0348  ),
(87,  -8.4783,    115.2862  ),
(88,  -3.3179,    115.0348  ),
(89,  -8.2353,    114.9361  ),
(90,  -8.5261,    115.2074  ),
(91,  -8.1818071, 115.0010287  ),
(92,  -3.3179,    115.0348 ),
(93,  -8.5261,    115.2074 ),
(94,  -8.5098,    115.2654 ),
(95,  -8.6179637, 115.0882118  ),
(96,  -8.5803918, 115.3438963 ),
(97,  -8.60006,   115.251  ),
(98,  -8.810389,  115.1667584  ),
(99,  -8.36928,   115.131  ),
(100, -8.5752294, 115.2907014  ),
(101, -8.25,	  115.5 ),
(102, -8.804107,  115.2398978 ),
(103, -8.8444312, 115.1079671 ),
(104, -8.7241003, 115.2381114 ),
(105, -8.6591039, 115.130407),
(106, -8.5299467, 115.3273552 ),
(107, -8.7237679, 115.2143642 ),
(108, -8.81363,   115.092 ),
(109, -8.3366511, 115.2870536 ),
(110, -8.4783,	  115.2862 ),
(111, -8.7444008, 115.178813  ),
(112, -8.5098, 	  115.2654  ),
(113, -8.2535,	  115.332),
(114, -8.5294046, 115.2715408 ),
(115, -8.65,	  115.21667   ),
(116, -8.2353,    114.9361  ),
(117, -8.6577047, 115.264779 ),
(118, -8.5158757, 115.158874 ),
(119, -7.2074094, 109.8264144 ),
(120, -8.7240037, 115.1778264 ),
(121, -8.5964488, 115.282342 ),
(122, -8.0943448, 115.2722626 ),
(123, -8.2353,	  114.9361  ),
(124, -8.6555875, 115.2345385 ),
(125, -8.65,	  115.21667 ),
(126, -8.5261,	  115.2074 ),
(127, -8.5912665, 115.2645421  ),
(128, -8.1671544, 114.4625818 ),
(129, -8.4802158, 115.2478044  ),
(130, -8.5098,	  115.2655 ),
(131, -8.5098,    115.2654  ),
(132, -8.4783,	  115.2862  ),
(133, -8.26866,	  115.07947  ),
(134, -8.2792489, 115.1527489 ),
(135, -8.4003,	  115.712 ),
(136, -8.5261,	  115.2074  ),
(137, -8.6095423, 115.2892525 ),
(138, -8.336371,  115.6582226 ),
(139, -8.2317597, 115.1220761 ),
(140, -5.80149,	  104.831 ),
(141, -8.8458046, 115.1850876 ),
(142, -8.8155477, 115.088317 ),
(143, -7.0025633, 109.8945949),
(144, -8.5261, 	  115.2074 ),
(145, -8.7996937, 115.1175308 ),
(146, -2.1475023, 115.3814442 ),
(147, -8.6953523, 115.1635352 ),
(148, -8.36658,   114.319  ),
(149, -8.3298,    114.2208 ),
(150, -8.5889205, 115.349822 ),
(151, -3.3179,	  115.0348 ),
(152, -8.46447,	  115.63 );



INSERT INTO hotel (hotelId, hotelName, hotelPrice,Address,star,locationId) VALUES
(1, 'The balé Nusa Dua',310 ,'Jl. Raya Nusa Dua Selatan, Nusa Dua 80363 Indonésie' ,5,1),
(2, 'Ayana resort and spa bali',450 ,'Jl. Karang Mas Sejahtera Karang Mas Estate, Jimbaran 80364 Indonésie' , 5,2),
(3, 'The damai', 230, 'Jl. Damai Kayuputih, Lovina Beach 81161 Indonésie', 4,3),
(4, 'Como uma ubud', 290, 'Jl. Raya Sanggingan Banjar Lungsiakan, Kedewatan, Ubud 80571 Indonésie', 5,4),
(5, 'Ametis Villa Bali', 355,'Jl. Pantai Batu Bolong, Canggu 80361 Indonésie' , 5,5),
(6, 'Ramayana Candidasa', 72,'Jl Raya Sengkidu, Candidasa Beach, Candidasa, Karangasem 80801 Indonésie' , 4,6),
(7, 'Grand Hyatt Bali',190 ,'Kawasan Wisata Nusa Dua BTDC, Nusa Dua 80363 Indonésie' , 5,7),
(8, 'Grand Mirage Resort & Thalasso Spa - Bali',122 ,'Jl. Pratama 74, Tanjung Benoa 80363 Indonésie' , 4,8),
(9, 'Pemedal Beach Resort',49 ,'Banjar Kaja, Jungut Batu, 80771 Indonésie' , 2,9),
(10, 'Eastin Ashta Resort Canggu',93 ,'Jl. Munduk Catu No.8,, Canggu 80361 Indonésie' , 4,10),
(11, 'Six Senses Uluwatu Bali',670 ,'Jl. Goa Lempeh, Uluwatu 80361 Indonésie' , 5,11),
(12, 'Hyatt Regency Bali',190 ,'Jalan Danau Tamblingan No. 89, Sanur, Denpasar 80228 Indonésie' , 5,12),
(13, 'Candi Beach Resort & Spa',71 ,'Mendira Beach, Candidasa, Karangasem 80033 Indonésie' , 4,13),
(14, 'Four Points by Sheraton Bali, Kuta',80 ,'JJl. Benesari Banjar Pengabetan, Kuta 80361 Indonésie' ,4,14),
(15, 'Ubud Dedari Villas',54 ,'Banjar Lebah Bedulu, Ubud 80571 Indonésie' ,3,15),
(16, 'Conrad Bali',246 ,'Jl. Pratama 168, Tanjung Benoa 80363 Indonésie' , 5,16),
(17, 'Bucu View Resort by Pramana',86 ,'Bisma Street, Ubud 80571 Indonésie', 3,17),
(18, 'The Sankara Suite & Villas By Pramana',198 ,'Jl. Sri Wedari No. 78, Ubud 80571 Indonésie' ,4,18),
(19, 'The Ungasan',730 ,'Jl Pantai Selatan Gau Banjar Wijaya Kusuma, Ungasan 80362 Indonésie' , 4,19),
(20, '1000 Dream Bungalow - Lovina',59 ,'Jl. Seririt - Singaraja, Pemaron Village, Pemaron, Buleleng Sub-District, Pemaron, Lovina Beach 81119 Indonésie' ,3,20),
(21, 'Karma Kandara',640 ,'Jl. Villa Kandara, Banjar Wijaya Kusuma, Ungasan 80362 Indonésie' , 5,21),
(22, 'Banyan Tree Ungasan, Bali',690 ,'Jl. Melasti Banjar Kelod, Ungasan 80364 Indonésie' , 5,22),
(23, 'Tarci Bungalow',24 ,'Jungutbatu Indonésie' , 3,23),
(24, 'FOX Hotel Jimbaran Beach Bali',60 ,'Jalan Yoga Perkanthi No. 03 Badung Bali, Jimbaran 80361 Indonésie', 4,24),
(25, 'Taman Sari Bali Resort & Spa',54 ,'Dusun Loka Segara Gerokgak, Buleleng, Pemuteran, Gerokgak 81155 Indonésie' ,3,25),
(26, 'Bali Bohemia Huts',59 ,'Jl. Nyuh Bojog Nyuh Kuning, Ubud 80751 Indonésie' , 3,26),
(27, 'Holiday Inn Resort Bali Benoa',113 ,'Jl. Pratama no. 86, Tanjung Benoa 80363 Indonésie' , 4,27),
(28, 'Sea Breeze Candidasa',50 ,'Jln ,Pantai Mendira Mendira Beach, Banjar Mendira, Desa Sengkidu, Manggis, Candidasa, Karangasem 80871 Indonésie' , 4,28),
(29, 'The Villas at AYANA Resort',1070 ,'Jl. Karang Mas Sejahtera, Jimbaran 80364 Indonésie' , 5,29),
(30, 'Komaneka at Keramas Beach',347 ,'Jl. Prof. Dr. Ida Bagus Mantra, Keramas, Blahbatuh 80581 Indonésie' , 5,30),
(31, 'Ciliks Beach Garden',164 ,'Air Sanih / Yeh Sanih, Singaraja 81172 Indonésie' ,3,31),
(32, 'The Ritz-Carlton, Bali',510 ,'Jl. Raya Nusa Dua Lot no. 3 Bali, Nusa Dua 80363 Indonésie' , 5,32),
(33, 'Sol Beach House Bali Benoa',107 ,'Jalan Pratama, Tanjung Benoa 80363 Indonésie' , 5,33),
(34, 'The Royal Purnama Art Suites & Villas',246 ,'Jl. Pantai Purnama Purnama Beach, Sukawati 80582 Indonésie' , 5,34),
(35, 'The Point Resort',118 ,'1 Sunset Road, 80771 Indonésie' , 2,35),
(36, 'Alila Villas Uluwatu',890 ,'Jl Belimbing Sari Banjar Tambiyak, Desa Pecatu, Uluwatu 80364 Indonésie' , 5,36),
(37, 'Bali Dream House',59 ,'Karangasem Bunutan, Karangasem 80852 Indonésie' ,3,37),
(38, 'The Seminyak Beach Resort & Spa',319 ,'Jl. Kayu Aya Seminyak Beach, Seminyak 80361 Indonésie' , 5,38),
(39, 'Padma Resort Legian',194 ,'Jl. Padma no. 1, Legian 80361 Indonésie' , 5,39),
(40, 'Hilton Bali Resort',203 ,'Jl. Raya Nusa Dua Selatan, Nusa Dua 80363 Indonésie' , 5,40),
(41, 'Anantara Uluwatu Bali Resort',1100 ,'Jl. Pemutih - Labuan Sait Impossible Beach, Uluwatu 80361 Indonésie' , 5,41),
(42, 'Amertha Bali Villas',101 ,'Denpasar-Seririt Village Singaraja, Pemuteran, Gerokgak Indonésie' , 3,42),
(43, 'Nusa Dua Beach Hotel & Spa',118 ,'Kawasan Pariwisata Lot North 4, Nusa Dua 80363 Indonésie' ,4,43),
(44, 'Melia Bali',138 ,'Kawasan Pariwisata ITDC Lot 1, Nusa Dua 80363 Indonésie' , 5,44),
(45, 'The Samaya Bali Seminyak',480 ,'Jl. Laksmana, Seminyak 80361 Indonésie' , 5,45),
(46, 'Sagara Candidasa',103 ,'Jl. Raya Candidasa, Candidasa, Karangasem 80871 Indonésie' , 3,46),
(47, 'Alila Seminyak',272 ,'Jl Taman Ganesha No 9, Seminyak 80361 Indonésie' , 5,47),
(48, 'Mulia Resort',243 ,'Jl. Raya Nusa Dua Selatan Kawasan Sawangan, Nusa Dua 80363 Indonésie' , 5,48),
(49, 'The Laguna, a Luxury Collection Resort & Spa, Nusa Dua, Bali',250 ,'Kawasan Pariwisata Nusa Dua Lot N 2, Nusa Dua 80363 Indonésie' , 5,49),
(50, 'Bloo Lagoon Village',161 ,'Jl. Silayukti, Padangbai 80872 Indonésie' , 3,50),
(51, 'Bulgari Resort Bali',1032 ,'Jl. Goa Lempeh, Banjar Dinas Kangin, Uluwatu 80364 Indonésie' , 5,51);


INSERT INTO site (siteId, siteName,siteType, sitePrice,locationId) VALUES
(1, 'Bali Safari and Marine Park', 'activity',17,52 ),
(2, 'bali bird park', 'activity', 20, 53),
(3, 'Air Terjun Tibumana','activity',43,54 ),
(4, 'Balai Gili', 'historical',43 ,55 ),
(5, 'Bali Orchid Garden', 'activity',73 , 56),
(6, 'Ubud palace', 'historical', 31,57 ),
(7, 'Bali bombing monument', 'historical', 45,58 ),
(8, 'Ground Zero Memorial', 'historical',55 ,59 ),
(9, 'Pura Luhur Uluwatu', 'historical',30 ,60 ),
(10, 'Monkey Forest d Ubud', 'historical',55 ,61 ),
(11, 'Pura Ulun Danu Bratan', 'historical',12 ,62 ),
(12, 'Goa Gajah', 'historical',62 ,63 ),
(13, 'Tegallalang Rice Terrace', 'historical',33 ,64 ),
(14, 'Tirta Empul Temple', 'historical',12 ,65 ),
(15, 'Bajra Sandhi Monument', 'historical',52 ,66 ),
(16, 'Tirta Gangga', 'historical',33 ,67 ),
(17, 'Balai Gili', 'historical',92 ,68),
(18, 'Istana Kepresidenan Tampaksiring', 'historical',32 ,69 ),
(19, 'Puri Saren Agung', 'historical',72 ,70 ),
(20, 'Taman Soekasada Ujung', 'historical',23 ,71 ),
(21, 'Bali bombing monument', 'historical',5 ,72 ),
(22, 'Margarana National Monument Park', 'historical',52 ,73 ),
(23, 'Cathédrale du Saint-Esprit de Denpasar', 'historical',11 ,74 ),
(24, 'Gunung Kawi', 'historical',22 ,75 ),
(25, 'Monumen Operasi Lintas Laut Jawa - Bali', 'historical',12 ,76 ),
(26, 'Monumen Tragedi Kemanusiaan', 'historical',32 ,77 ),
(27, 'Museum Gedong Arca', 'historical',41 ,78 ),
(28, 'Patung Tri Yudha Sakti', 'historical',39 ,79 ),
(29, 'Garden of hope, Peninsula island', 'historical',11 ,80 ),
(30, 'Waterbom Bali Indonesia', 'activity',15 ,81 ),
(31, 'Circus Waterpark Kuta', 'activity',20,82 ),
(32, 'Splash Waterpark Bali', 'activity',43 ,83 ),
(33, 'CitraLand Waterpark', 'activity',30 ,84 ),
(34, 'Nirmala Waterpark', 'activity',35 ,85 ),
(35, 'Taman Segara Madu Water Park', 'activity',45 ,86 ),
(36, 'Keramas Water Park', 'activity',15 ,87 ),
(37, 'Alamandaoe Water Park', 'activity',35 ,88 ),
(38, 'Krisna Waterpark Lovina', 'activity',15 ,89 ),
(39, 'New Kuta Green Park', 'activity',25 ,90 ),
(40, 'Krisna Water Park', 'activity',95 ,91 ),
(41, 'Kembengan Sari Waterpark', 'activity',75 ,92 ),
(42, 'Shooters Bali', 'activity',15 ,93 ),
(43, 'Telaga Waja White Water Rafting', 'activity',55 ,94 ),
(44, 'Tanah Lot', 'historical',10 ,95 ),
(45, 'Bali Safari and Marine Park', 'activity',65 ,96 ),
(46, 'Bali Bird Park', 'activity',8 ,97 ),
(47, 'Garuda Wisnu Kencana', 'historical',55 ,98 ),
(48, 'Jatiluwih Rice Terrace', 'historical',15 ,99 ),
(49, 'Tegenungan Waterfall', 'historical',20 ,100 ),
(50, 'Air Terjun Tibumana', 'historical',30 ,101 ),
(51, 'Waterblow', 'historical',25 ,102 ),
(52, 'Nyang Nyang Beach', 'historical',55 ,103 ),
(53, 'Turtle Conservation And Education Center', 'activity',15 ,104 ),
(54, 'Batu Bolong Beach', 'historical',35 ,105 ),
(55, 'wisata air terjun kanto lampo', 'historical',25 ,106 ),
(56, 'Bali Wake Park', 'activity',11 ,107 ),
(57, 'Blue Point Beach', 'historical',55 ,108 ),
(58, 'Bali Quad Discovery Tours', 'activity',25 ,109 ),
(59, 'Setia Darma House of Mask and Puppets', 'activity',45 ,110 ),
(60, 'Satria Gatotkaca Park', 'historical',55 ,111 ),
(61, 'I.B Sutarja, Master Mask Maker', 'activity',35 ,112 ),
(62, 'Museum Geopark Batur', 'activity',10 ,113 ),
(63, 'Museum Rudana', 'historical',15 ,114 ),
(64, 'Interactive Art Museum Bali', 'historical',25 ,115 ),
(65, 'Brahmavihara-Arama', 'historical',15 ,116 ),
(66, 'Sanur Village Festival', 'activity',35 ,117 ),
(67, 'Alas Kedaton', 'historical',25 ,118 ),
(68, 'Batur', 'historical',15 ,119 ),
(69, 'Vihara Dharmayana Kuta', 'activity',55 ,120 ),
(70, 'Sukawati Art Market', 'activity',35 ,121 ),
(71, 'Pura Ponjok Batu', 'historical',34 ,122 ),
(72, 'Klenteng Ling Gwan Kiong', 'historical',33 ,123 ),
(73, 'Werdhi Budaya Art Centre', 'historical',30 ,124 ),
(74, 'Satya Dharma Temple', 'historical',15 ,125 ),
(75, 'TITD Caow Eng Bio', 'historical',13 ,126 ),
(76, 'Bali Zoo', 'activity',10 ,127 ),
(77, 'Parc national de Bali occidental', 'activity',21 ,128 ),
(78, 'Toekad Rafting', 'activity',10 ,129 ),
(79, 'Ayung River Rafting Ubud Bali', 'activity',9 ,130 ),
(80, 'Gaya Ceramic And Design', 'activity',7 ,131 ),
(81, 'Mount Agung Sunrise Trekking', 'activity',4 ,132 ),
(82, 'Air Terjun Munduk', 'activity',7,133 ),
(83, 'Bali Treetop Adventure Park', 'activity',12 ,134 ),
(84, 'Balai Gili', 'historical',10 ,135 ),
(85, '5GX Bali', 'activity',55 ,136 ),
(86, 'Hidden Canyon Beji Guwang', 'activity',35 ,137 ),
(87, 'Pantai Jemeluk', 'historical',55 ,138 ),
(88, 'Banyumala Twin Waterfalls', 'historical',55 ,139 ),
(89, 'Pulau Tabuan', 'historical',25 ,140 ),
(90, 'Pandawa Beach', 'historical',10 ,141 ),
(91, 'Suluban Beach', 'historical',25 ,142 ),
(92, 'Menjangan', 'historical',15 ,143 ),
(93, 'Péninsule de Bukit', 'historical',53 ,144 ),
(94, 'Dreamland Beach', 'historical',22 ,145 ),
(95, 'Agung', 'historical',35 ,146 ),
(96, 'Double Six Beach', 'activity',55 ,147 ),
(97, 'Pantai Boom', 'activity',25 ,148 ),
(98, 'Bangsring Underwater', 'activity',55 ,149 ),
(99, 'Cucukan Beach', 'activity',15 ,150 ),
(100, 'Pantai Cacalan', 'activity',55 ,151 ),
(101, 'Taman Ujung Water Palace', 'historical', 34,152 );


INSERT INTO transport (transportId, transportType,priceKM, locationId) VALUES
(1, 'Bus', 0.2, 1),
(2, 'Bus', 0.4, 2 ),
(3, 'Bus', 0.9,5 ),
(4, 'Bus', 1.2,6 ),
(5, 'Bus', 1,7 ),
(6, 'Bus', 1.4,9 ),
(7, 'Bus', 0.4,11 ),
(8, 'Bus', 1.2,14),
(9, 'Bus', 0.9,15),
(10, 'Bus', 1.2,16),
(11, 'Bus', 1.1,17),
(12, 'Bus', 1.2,19),
(13, 'Bus', 0.7,20),
(14, 'Bus', 1.3,22),
(15, 'Bus', 2.3,3),
(16, 'Bus', 0.3,4),
(17, 'Bus', 1.2,8),
(18, 'Bus', 0.4,10),
(19, 'Bus', 0.9,12),
(20, 'Bus', 0.2,13),
(21, 'Bus', 0.2, 18),
(22, 'Bus', 0.4, 21 ),
(23, 'Bus', 0.9,30 ),
(24, 'Bus', 1.2,23 ),
(25, 'Bus', 1,29),
(26, 'Bus', 1.4,24 ),
(27, 'Bus', 0.4,25 ),
(28, 'Bus', 1.2,28),
(29, 'Bus', 0.9,31),
(30, 'Bus', 1.2,27),
(31, 'Bus', 1.1,26),
(32, 'Bus', 1.2,32),
(33, 'Bus', 0.7,40),
(34, 'Bus', 1.3,50),
(35, 'Bus', 2.3,41),
(36, 'Bus', 0.3,33),
(37, 'Bus', 1.2,45),
(38, 'Bus', 0.4,34),
(39, 'Bus', 0.9,35),
(40, 'Bus', 0.2,36),

(41, 'Bus', 0.2, 37),
(42, 'Bus', 0.4, 38 ),
(43, 'Bus', 0.9,101 ),
(44, 'Bus', 1.2,102),
(45, 'Bus', 1,39 ),
(46, 'Bus', 1.4,42 ),
(47, 'Bus', 0.4,43),
(48, 'Bus', 1.2,46),
(49, 'Bus', 0.9,47),
(50, 'Bus', 1.2,48),
(51, 'Bus', 1.1,49),
(52, 'Bus', 1.2,150),
(53, 'Bus', 0.7,151),
(54, 'Bus', 1.3,149),
(55, 'Bus', 2.3,152),
(56, 'Bus', 0.3,148),
(57, 'Bus', 1.2,140),
(58, 'Bus', 0.4,142),
(59, 'Bus', 0.9,141),
(60, 'Bus', 0.2,143),
(61, 'Bus', 0.2, 144),
(62, 'Bus', 0.4, 145),
(63, 'Bus', 0.9,146),
(64, 'Bus', 1.2,147 ),
(65, 'Bus', 1,130),
(66, 'Bus', 1.4,131 ),
(67, 'Bus', 0.4,132),
(68, 'Bus', 1.2,134),
(69, 'Bus', 0.9,133),

(70, 'Bus', 1.2,135),
(71, 'Bus', 1.1,136),
(72, 'Bus', 1.2,137),
(73, 'Bus', 0.7,138),
(74, 'Bus', 1.3,139),
(75, 'Bus', 2.3,120),
(76, 'Bus', 0.3,121),
(77, 'Bus', 1.2,122),
(78, 'Bus', 0.4,123),
(79, 'Bus', 0.9,124),
(80, 'Bus', 0.2,125),

(81, 'Boat', 1.5,126),
(82, 'Boat', 0.2,127 ),
(83, 'Boat', 1.2, 128),
(84, 'Boat', 0.5,129),
(85,'Boat', 0.2,110),
(86,'Bus', 1.3,111),
(87,'Boat', 1,112),
(88,'Boat', 1.2,113 ),
(89,'Boat', 1.2,114),
(90,'Boat',1.4,115 ),
(91, 'Boat', 1.5,116 ),
(92, 'Boat', 0.2,117),
(93, 'Boat', 1.2, 118),
(94, 'Boat', 0.5,119),
(95,'Boat', 0.2,109 ),
(96,'Boat', 1.3,108 ),
(97,'Boat', 1,107 ),
(98,'Boat', 1.2,106 ),
(99,'Boat', 1.2,105),
(100,'Boat',1.4,104 ),
(101, 'Boat', 0.2,103 ),
(102, 'Boat', 1.2, 102),
(103, 'Boat', 0.5,101),
(104,'Boat', 0.2,100),
(105,'Bus', 1.3,99 ),
(106,'Boat', 1,98 ),
(107,'Boat', 1.2,97 ),
(108,'Boat', 1.2,96),
(109,'Boat',1.4,95 ),
(110, 'Bus', 0.2,94 ),
(111, 'Boat', 1.2, 93),
(112, 'Boat', 0.5,92 ),
(113,'Bus', 0.2,91 ),
(114,'Boat', 1.3,90 ),
(115,'Boat', 1,80 ),
(116,'Bus', 1.2,81 ),
(117,'Boat', 1.2,82),
(118,'Boat',1.4,83),
(119, 'Boat', 0.2,84 ),
(120, 'Boat', 1.2, 85),
(121, 'Boat', 0.5,86 ),
(122,'Boat', 0.2,87 ),
(123,'Boat', 1.3,88 ),
(124,'Boat', 1,89),
(125,'Boat', 1.2,70 ),
(126,'Boat', 1.2,71),
(127,'Boat',1.4,72),
(128, 'Boat', 0.2,73 ),
(129, 'Bus', 1.2, 74),
(130, 'Boat', 0.5,78 ),
(131,'Bus', 0.2,79 ),
(132,'Boat', 1.3,75 ),
(133,'Bus', 1,76 ),
(134,'Boat', 1.2,77 ),
(135,'Bus', 1.2,60),
(136,'Boat',1.4,61 ),
(137, 'Boat', 0.5,62 ),
(138,'Boat', 0.2,63),
(139,'Boat', 1.3,64 ),
(140,'Boat', 1,65),
(141,'Boat', 1.2,66 ),
(142,'Bus', 1.2,67),
(143,'Boat', 1.2,68),
(144,'Bus', 1.2,69),
(145,'Bus', 1.2,51),
(146,'Bus', 1.2,52),
(147,'Bus', 1.2,53),
(148,'Bus', 1.2,54),
(149,'Bus',1.4,55),
(150,'Boat', 1.2,56),
(151,'Boat', 1.2,57),
(152,'Boat', 1.2,58),
(153,'Bus', 1.2,59)

;








