
INSERT INTO location(locationId, locationLatitude, locationLongitude) VALUES
(1, -8.8002638, 115.455702),  
(2, -8.79093,115.16006 ),
(3, -8.1481, 115.03913 ),
(4, -8.64009, 115.14011 ),
(5, -8.653312, 115.132174 ),
(6, -8.45, 115.61667 ),
(7, -9.59806 ,123.77028 ),
(8, -8.7548, 115.2184),
(9, -7.87, 112.52833 ),
(10, -8.64009, 115.14011),
(11, -8.83143, 115.08702 ),
(12, -8.65, 115.21667 ),
(13, -8.83143, 115.08702 ), 
(14, -8.5803918, 115.3438963 ),  
(15, -8.60006, 115.251 ), 
(16, -8.4003, 115.712 ),
(17, -9.57452, 120.091 ),
(18, -8.64437, 115.257 ),
(19, -8.5069503, 115.2627374 ),
(20, -8.7173186, 115.1744894 ),
(21, -8.4645177, 115.6304944 ),
(22, -8.445177, 115.1304944 ) ;


INSERT INTO hotel (hotelId, hotelName, hotelPrice,Address,star,locationId) VALUES
(1, 'The balé Nusa Dua',310 ,'Jl. Raya Nusa Dua Selatan, Nusa Dua 80363 Indonésie' ,5,1),
(2, 'Ayana resort and spa bali',450 ,'Jl. Karang Mas Sejahtera Karang Mas Estate, Jimbaran 80364 Indonésie' , 5,2),
(3, 'The damai', 230, 'Jl. Damai Kayuputih, Lovina Beach 81161 Indonésie', 4,3),
(4, 'Como uma ubud', 290, 'Jl. Raya Sanggingan Banjar Lungsiakan, Kedewatan, Ubud 80571 Indonésie', 5,4),
(5, 'Ametis Villa Bali', 355,'Jl. Pantai Batu Bolong, Canggu 80361 Indonésie' , 5,5),
(6, 'Ramayana Candidasa', 72,'Jl Raya Sengkidu, Candidasa Beach, Candidasa, Karangasem 80801 Indonésie' , 4,6),
(7, 'Grand Hyatt Bali',190 ,'Kawasan Wisata Nusa Dua BTDC, Nusa Dua 80363 Indonésie' , 5,7),
(8, 'Grand Mirage Resort & Thalasso Spa - Bali',122 ,'Jl. Pratama 74, Tanjung Benoa 80363 Indonésie' , 4,8),
(9, 'Pemedal Beach Resort',49 ,'Banjar Kaja, Jungut Batu, 80771 Indonésie' , 2,9),
(10, 'Eastin Ashta Resort Canggu',93 ,'Jl. Munduk Catu No.8,, Canggu 80361 Indonésie' , 4,10),
(11, 'Six Senses Uluwatu Bali',670 ,'Jl. Goa Lempeh, Uluwatu 80361 Indonésie' , 5,11),
(12, 'Hyatt Regency Bali',190 ,'Jalan Danau Tamblingan No. 89, Sanur, Denpasar 80228 Indonésie' , 5,12),
(13, 'Candi Beach Resort & Spa',71 ,'Mendira Beach, Candidasa, Karangasem 80033 Indonésie' , 4,13),
(14, 'Four Points by Sheraton Bali, Kuta',80 ,'JJl. Benesari Banjar Pengabetan, Kuta 80361 Indonésie' ,4,14),
(15, 'Ubud Dedari Villas',54 ,'Banjar Lebah Bedulu, Ubud 80571 Indonésie' ,3,15),
(16, 'Conrad Bali',246 ,'Jl. Pratama 168, Tanjung Benoa 80363 Indonésie' , 5,16),
(17, 'Bucu View Resort by Pramana',86 ,'Bisma Street, Ubud 80571 Indonésie', 3,17),
(18, 'The Sankara Suite & Villas By Pramana',198 ,'Jl. Sri Wedari No. 78, Ubud 80571 Indonésie' ,4,18),
(19, 'The Ungasan',730 ,'Jl Pantai Selatan Gau Banjar Wijaya Kusuma, Ungasan 80362 Indonésie' , 4,19),
(20, '1000 Dream Bungalow - Lovina',59 ,'Jl. Seririt - Singaraja, Pemaron Village, Pemaron, Buleleng Sub-District, Pemaron, Lovina Beach 81119 Indonésie' ,3,20),
(21, 'Karma Kandara',640 ,'Jl. Villa Kandara, Banjar Wijaya Kusuma, Ungasan 80362 Indonésie' , 5,21),
(22, 'Banyan Tree Ungasan, Bali',690 ,'Jl. Melasti Banjar Kelod, Ungasan 80364 Indonésie' , 5,22),
(23, 'Tarci Bungalow',24 ,'Jungutbatu Indonésie' , 3,23),
(24, 'FOX Hotel Jimbaran Beach Bali',60 ,'Jalan Yoga Perkanthi No. 03 Badung Bali, Jimbaran 80361 Indonésie' 4,24),
(25, 'Taman Sari Bali Resort & Spa',54 ,'Dusun Loka Segara Gerokgak, Buleleng, Pemuteran, Gerokgak 81155 Indonésie' ,3,25),
(26, 'Bali Bohemia Huts',59 ,'Jl. Nyuh Bojog Nyuh Kuning, Ubud 80751 Indonésie' , 3,26),
(27, 'Holiday Inn Resort Bali Benoa',113 ,'Jl. Pratama no. 86, Tanjung Benoa 80363 Indonésie' , 4,27),
(28, 'Sea Breeze Candidasa',50 ,'Jln ,Pantai Mendira Mendira Beach, Banjar Mendira, Desa Sengkidu, Manggis, Candidasa, Karangasem 80871 Indonésie' , 4,28),
(29, 'The Villas at AYANA Resort',1070 ,'Jl. Karang Mas Sejahtera, Jimbaran 80364 Indonésie' , 5,29),
(30, 'Komaneka at Keramas Beach',347 ,'Jl. Prof. Dr. Ida Bagus Mantra, Keramas, Blahbatuh 80581 Indonésie' , 5,30),
(31, 'Ciliks Beach Garden',164 ,'Air Sanih / Yeh Sanih, Singaraja 81172 Indonésie' ,3,31),
(32, 'The Ritz-Carlton, Bali',510 ,'Jl. Raya Nusa Dua Lot no. 3 Bali, Nusa Dua 80363 Indonésie' , 5,32),
(33, 'Sol Beach House Bali Benoa',107 ,'Jalan Pratama, Tanjung Benoa 80363 Indonésie' , 5,33),
(34, 'The Royal Purnama Art Suites & Villas',246 ,'Jl. Pantai Purnama Purnama Beach, Sukawati 80582 Indonésie' , 5,34),
(35, 'The Point Resort',118 ,'1 Sunset Road, 80771 Indonésie' , 2,35),
(36, 'Alila Villas Uluwatu',890 ,'Jl Belimbing Sari Banjar Tambiyak, Desa Pecatu, Uluwatu 80364 Indonésie' , 5,36),
(37, 'Bali Dream House',59 ,'Karangasem Bunutan, Karangasem 80852 Indonésie' ,3,37),
(38, 'The Seminyak Beach Resort & Spa',319 ,'Jl. Kayu Aya Seminyak Beach, Seminyak 80361 Indonésie' , 5,38),
(39, 'Padma Resort Legian',194 ,'Jl. Padma no. 1, Legian 80361 Indonésie' , 5,39),
(40, 'Hilton Bali Resort',203 ,'Jl. Raya Nusa Dua Selatan, Nusa Dua 80363 Indonésie' , 5,40),
(41, 'Anantara Uluwatu Bali Resort',1100 ,'Jl. Pemutih - Labuan Sait Impossible Beach, Uluwatu 80361 Indonésie' , 5,41),
(42, 'Amertha Bali Villas',101 ,'Denpasar-Seririt Village Singaraja, Pemuteran, Gerokgak Indonésie' , 3,42),
(43, 'Nusa Dua Beach Hotel & Spa',118 ,'Kawasan Pariwisata Lot North 4, Nusa Dua 80363 Indonésie' ,4,43),
(44, 'Melia Bali',138 ,'Kawasan Pariwisata ITDC Lot 1, Nusa Dua 80363 Indonésie' , 5,44),
(45, 'The Samaya Bali Seminyak',480 ,'Jl. Laksmana, Seminyak 80361 Indonésie' , 5,45),
(46, 'Sagara Candidasa',103 ,'Jl. Raya Candidasa, Candidasa, Karangasem 80871 Indonésie' , 3,46),
(47, 'Alila Seminyak',272 ,'Jl Taman Ganesha No 9, Seminyak 80361 Indonésie' , 5,47),
(48, 'Mulia Resort',243 ,'Jl. Raya Nusa Dua Selatan Kawasan Sawangan, Nusa Dua 80363 Indonésie' , 5,48),
(49, 'The Laguna, a Luxury Collection Resort & Spa, Nusa Dua, Bali',250 ,'Kawasan Pariwisata Nusa Dua Lot N 2, Nusa Dua 80363 Indonésie' , 5,49),
(50, 'Bloo Lagoon Village',161 ,'Jl. Silayukti, Padangbai 80872 Indonésie' , 3,50),
(51, 'Bulgari Resort Bali',1032 ,'Jl. Goa Lempeh, Banjar Dinas Kangin, Uluwatu 80364 Indonésie' , 5,51);


INSERT INTO site (siteId, siteName,siteType, sitePrice,locationId) VALUES
(1, 'Bali Safari and Marine Park', 'activity',17.38,14 ),
(2, 'bali bird park', 'activity', 20.12, 15),
(3, 'Air Terjun Tibumana','activity',43.90 ,16 ),
(4, 'Balai Gili', 'historical',43.50 ,17 ),
(5, 'Bali Orchid Garden', 'activity',73.85 , 18),
(6, 'Ubud palace', 'historical', 31.09,19 ),
(7, 'Bali bombing monument', 'historical', 45.23,20 ),
(8, 'Ground Zero Memorial', 'historical',55.12 ,21 ),
(9, 'Taman Ujung Water Palace', 'historical', 34.12,22 );


INSERT INTO transport (transportId, transportType,priceKM, locationId) VALUES
(1, 'Bus', 0.2, 1),
(2, 'Bus', 0.4, 2 ),
(3, 'Boat', 1.5,1 ),
(4, 'Boat', 1.2,3 ),
(5, 'Boat', 2, 4),
(6, 'Bus', 0.9,5 ),
(7, 'Bus', 1.2,6 ),
(8, 'Bus', 1,7 ),
(9, 'Boat', 0.5,8 ),
(10, 'Boat', 0.2,9 ),
(11, 'Boat', 1.3,10 ),
(12, 'Bus', 1.4,9 ),
(13, 'Boat', 1,11 ),
(14, 'Bus', 0.4,11 ),
(15, 'Boat', 1.2,12 ),
(16, 'Boat', 1.2,13),
(17, 'Bus', 1.2,14),
(18, 'Boat',1.4,15 ),
(19, 'Bus', 0.9,15),
(20, 'Bus', 1.2,16),
(21, 'Bus', 1.1,17),
(22, 'Boat', 0.2,18),
(23, 'Bus', 1.2,19),
(24, 'Boat',2.2,19),
(25, 'Bus', 0.22,20),
(26, 'Boat',1.2,21),
(27, 'Bus', 1.3,22);













